Urn,Label
urn:cite2:chron:epoch:pto12,Epoch of Philip
urn:cite2:chron:jer_alexandrians:ruler2,Ptolemy Philadelphos
urn:cite2:chron:Koronicoin:13,Coin 13 in Koroni Deposit
urn:cite2:Koronideposit,Koroni Deposit
urn:cite2:chron:ChremonideanWar,Chremonidean War
urn:cite2:Koroniplate:PR34,Plate PR34 in Koroni Deposit
urn:cite2:chron:Menonplate:P28034,Plate P28034 in Menon's cistern deposit
urn:cite2:chron:Menonplate:P28034,Plate P4421 in Tholos well deposit
urn:cite2:chron:Peristyleplate:P31098,Plate P31098 in peristyle deposit
urn:cite2:chron:Peristyleplate:P31111,Plate P31111 in peristyle deposit
urn:cite2:chron:Peristylecoin:N3564,Coin N3564 in peristyle deposit
urn:cite2:chron:Tholoscoin:N3333,Coin N3333 in Tholos well deposit
urn:cite2:chron:Agoradeposit:F11:2,Deposit F 11:2 in Athenian Agora
urn:cite2:chron:saltcellar:P3509,Salt cellar P3509 in Athenian Agora
urn:cite2:chron:SaltcellarsVergina,Saltcellars from Vergina
urn:cite2:chron:TombIIVergina,Tomb II in Vergina
urn:cite2:chron:Saltcellar:P27769,Saltcellar P27769 in Athenian Agora
urn:cite2:chron:Agoradeposit:H16:7,Deposit H16:7 in Athenian Agora
urn:cite2:chron:Saltcellar:P19358,Saltcellar P19358 in Athenian Agora
urn:cite2:chron:Agoradeposit:D16:1,Deposit D16:1 in Athenian Agora
urn:cite2:chron:Agoradeposit:F11:2,Deposit F11:2 in Athenian Agora
urn:cite2:chron:Saltcellar:P28137,Saltcellar P28137in Athenian Agora
urn:cite2:chron:Agoradeposit:F16:8,Deposit F16:8 in Athenian Agora
urn:cite2:chron:Saltcellar:P28023,Saltcellar P28023 in Athenian Agora
urn:cite2:chron:Tholoscoin:N3333, Coin N3333 in Tholos well deposit
urn:cite2:chron:Tholoscoin:N3210,Coin N3210 in Tholos well deposit
urn:cite2:chron:Tholoscoin:N3211,Coin N3211 in Tholos well deposit
urn:cite2:chron:Tholoscoin:N3212,Coin N3212 in Tholos well deposit
urn:cite2:chron:Tholoscoin:N3231,Coin N3231 in Tholos well deposit
urn:cite2:chron:Tholoscoin:N3266,Coin N3266 in Tholos well deposit
urn:cite2:chron:Tholoscoin:N3287,Coin N3287 in Tholos well deposit
urn:cite2:chron:Koroniplate:PR30,Plate PR30 in Koroni Deposit
urn:cite2:chron:Menonplate:P28134,Plate P28134 in Menon’s cistern deposit
urn:cite2:chron:Menonplate:P28033,Plate 28033 in Menon’s cistern deposit
urn:cite2:chron:Koroniplate:PR32,Plate PR 32 in Koroni Deposit
urn:cite2:chron:Koroniplate:PR33,Plate PR 33 in Koroni Deposit
urn:cite2:chron:Koroniplate:PR34,Plate PR 34 in Koroni Deposit
urn:cite2:chron:Menonkantharos:P27992,Kantharos P27992 in Menon’s cistern deposit
urn:cite2:chron:Koronikantharos:PR16,Kantharos PR16 in Koroni
urn:cite2:chron:Koronikantharos:PR17,Kantharos PR17 in Koroni
urn:cite2:chron:Koronikantharos:PR18,Kantharos PR18 in Koroni
